{
	"info": {
		"_postman_id": "240e7744-4a54-459d-9b5c-0691ee670686",
		"name": "lab4_post_server",
		"schema": "https://schema.getpostman.com/json/collection/v2.1.0/collection.json",
		"_exporter_id": "31408065",
		"_collection_link": "https://gold-moon-214104.postman.co/workspace/SystemsArchitecture-~da57d8da-561c-410d-a7b1-bd7d1241fcb9/collection/31408065-240e7744-4a54-459d-9b5c-0691ee670686?action=share&source=collection_link&creator=31408065"
	},
	"item": [
		{
			"name": "Получить информацию обо всех записях",
			"request": {
				"method": "GET",
				"header": [],
				"url": {
					"raw": "localhost:8081/post",
					"host": [
						"localhost"
					],
					"port": "8081",
					"path": [
						"post"
					]
				}
			},
			"response": []
		},
		{
			"name": "Получить информаю о записи по идентификатору",
			"request": {
				"method": "GET",
				"header": [],
				"url": {
					"raw": "localhost:8081/post?id=1",
					"host": [
						"localhost"
					],
					"port": "8081",
					"path": [
						"post"
					],
					"query": [
						{
							"key": "id",
							"value": "1",
							"description": "Идентификатор записи"
						}
					]
				}
			},
			"response": []
		},
		{
			"name": "Получить все записи пользователя",
			"request": {
				"method": "GET",
				"header": [],
				"url": {
					"raw": "localhost:8081/post/user",
					"host": [
						"localhost"
					],
					"port": "8081",
					"path": [
						"post",
						"user"
					]
				}
			},
			"response": []
		},
		{
			"name": "Добавить информацию о новой записи",
			"request": {
				"method": "POST",
				"header": [],
				"body": {
					"mode": "raw",
					"raw": "{\r\n    \"id\": 1, // Идентификатор записи\r\n    \"text_content\": \"some_text\" // Текст записи\r\n}",
					"options": {
						"raw": {
							"language": "json"
						}
					}
				},
				"url": {
					"raw": "localhost:8081/post",
					"host": [
						"localhost"
					],
					"port": "8081",
					"path": [
						"post"
					]
				}
			},
			"response": []
		},
		{
			"name": "Обновить информацию существующей записи",
			"request": {
				"method": "PUT",
				"header": [],
				"body": {
					"mode": "raw",
					"raw": "{\r\n    \"text_content\": \"new_text\" // Новый текст записи\r\n}",
					"options": {
						"raw": {
							"language": "json"
						}
					}
				},
				"url": {
					"raw": "localhost:8081/post?id=1",
					"host": [
						"localhost"
					],
					"port": "8081",
					"path": [
						"post"
					],
					"query": [
						{
							"key": "id",
							"value": "1",
							"description": "Идентификатор записи"
						}
					]
				}
			},
			"response": []
		},
		{
			"name": "Удалить информацию о сообщении",
			"request": {
				"method": "DELETE",
				"header": [],
				"url": {
					"raw": "localhost:8081/post?id=1",
					"host": [
						"localhost"
					],
					"port": "8081",
					"path": [
						"post"
					],
					"query": [
						{
							"key": "id",
							"value": "1"
						}
					]
				}
			},
			"response": []
		}
	],
	"auth": {
		"type": "bearer",
		"bearer": [
			{
				"key": "token",
				"value": "some_token",
				"type": "string"
			}
		]
	},
	"event": [
		{
			"listen": "prerequest",
			"script": {
				"type": "text/javascript",
				"packages": {},
				"exec": [
					""
				]
			}
		},
		{
			"listen": "test",
			"script": {
				"type": "text/javascript",
				"packages": {},
				"exec": [
					""
				]
			}
		}
	]
}