{
	"info": {
		"_postman_id": "7ed75687-7d18-46a7-afac-3892df41a36a",
		"name": "lab3_message_server",
		"description": "Коллекция запросов к серверу сообщений.\n\nПри запуске docker-compose-файла из папки lab3 сервис будет работать на порту 8080.",
		"schema": "https://schema.getpostman.com/json/collection/v2.1.0/collection.json",
		"_exporter_id": "31408065",
		"_collection_link": "https://gold-moon-214104.postman.co/workspace/SystemsArchitecture-~da57d8da-561c-410d-a7b1-bd7d1241fcb9/collection/31408065-7ed75687-7d18-46a7-afac-3892df41a36a?action=share&source=collection_link&creator=31408065"
	},
	"item": [
		{
			"name": "Получить информацию обо всех сообщениях",
			"request": {
				"method": "GET",
				"header": [],
				"url": {
					"raw": "localhost:8080/message",
					"host": [
						"localhost"
					],
					"port": "8080",
					"path": [
						"message"
					]
				}
			},
			"response": []
		},
		{
			"name": "Получить информаю о сообщении по идентификатору",
			"request": {
				"method": "GET",
				"header": [],
				"url": {
					"raw": "localhost:8080/message?id=1",
					"host": [
						"localhost"
					],
					"port": "8080",
					"path": [
						"message"
					],
					"query": [
						{
							"key": "id",
							"value": "1",
							"description": "Идентификатор сообщения"
						}
					]
				}
			},
			"response": []
		},
		{
			"name": "Получить все сообщения, где пользователь отправитель или получатель",
			"request": {
				"method": "GET",
				"header": [],
				"url": {
					"raw": "localhost:8080/message/user?id=1",
					"host": [
						"localhost"
					],
					"port": "8080",
					"path": [
						"message",
						"user"
					],
					"query": [
						{
							"key": "id",
							"value": "1",
							"description": "Идентификатор пользователя"
						}
					]
				}
			},
			"response": []
		},
		{
			"name": "Получить сообщения переписки двух пользователей",
			"request": {
				"method": "GET",
				"header": [],
				"url": {
					"raw": "localhost:8080/message/chat?first_user_id=1&second_user_id=2",
					"host": [
						"localhost"
					],
					"port": "8080",
					"path": [
						"message",
						"chat"
					],
					"query": [
						{
							"key": "first_user_id",
							"value": "1",
							"description": "Идентификатор первого пользователя"
						},
						{
							"key": "second_user_id",
							"value": "2",
							"description": "Идентификатор второго пользователя"
						}
					]
				}
			},
			"response": []
		},
		{
			"name": "Добавить информацию о новом сообщении",
			"request": {
				"method": "POST",
				"header": [],
				"body": {
					"mode": "raw",
					"raw": "{\r\n    \"id\": 1, // Идентификатор сообщения\r\n    \"sender_id\": 1, // Идентификатор пользователя-отправителя\r\n    \"receiver_id\": 2, // Идентификатор пользователя-получаетля\r\n    \"text_content\": \"some_text\" // Текст сообщения\r\n}",
					"options": {
						"raw": {
							"language": "json"
						}
					}
				},
				"url": {
					"raw": "localhost:8080/message",
					"host": [
						"localhost"
					],
					"port": "8080",
					"path": [
						"message"
					]
				}
			},
			"response": []
		},
		{
			"name": "Обновить информацию существующего сообщения",
			"request": {
				"method": "PUT",
				"header": [],
				"body": {
					"mode": "raw",
					"raw": "{\r\n    \"text_content\": \"new_text\" // Новый текст сообщения\r\n}",
					"options": {
						"raw": {
							"language": "json"
						}
					}
				},
				"url": {
					"raw": "localhost:8080/message?id=1",
					"host": [
						"localhost"
					],
					"port": "8080",
					"path": [
						"message"
					],
					"query": [
						{
							"key": "id",
							"value": "1",
							"description": "Идентификатор сообщения"
						}
					]
				}
			},
			"response": []
		},
		{
			"name": "Удалить информацию о сообщении",
			"request": {
				"method": "DELETE",
				"header": [],
				"url": {
					"raw": "localhost:8080/message?id=1",
					"host": [
						"localhost"
					],
					"port": "8080",
					"path": [
						"message"
					],
					"query": [
						{
							"key": "id",
							"value": "1",
							"description": "Идентификатор сообщения"
						}
					]
				}
			},
			"response": []
		}
	]
}