{
	"info": {
		"_postman_id": "670d1d2d-9c2a-48c4-879f-98aeffd30dd4",
		"name": "lab2_user_server",
		"description": "Коллекция запросов к серверу пользователей.",
		"schema": "https://schema.getpostman.com/json/collection/v2.1.0/collection.json",
		"_exporter_id": "31408065",
		"_collection_link": "https://gold-moon-214104.postman.co/workspace/SystemsArchitecture-~da57d8da-561c-410d-a7b1-bd7d1241fcb9/collection/31408065-670d1d2d-9c2a-48c4-879f-98aeffd30dd4?action=share&source=collection_link&creator=31408065"
	},
	"item": [
		{
			"name": "Получить информацию обо всех пользователях",
			"protocolProfileBehavior": {
				"disableBodyPruning": true
			},
			"request": {
				"method": "GET",
				"header": [],
				"body": {
					"mode": "raw",
					"raw": "",
					"options": {
						"raw": {
							"language": "html"
						}
					}
				},
				"url": {
					"raw": "http://localhost:8080/user",
					"protocol": "http",
					"host": [
						"localhost"
					],
					"port": "8080",
					"path": [
						"user"
					]
				}
			},
			"response": []
		},
		{
			"name": "Получить информацию о пользователе по лоигну",
			"protocolProfileBehavior": {
				"disableBodyPruning": true
			},
			"request": {
				"method": "GET",
				"header": [],
				"body": {
					"mode": "raw",
					"raw": "",
					"options": {
						"raw": {
							"language": "html"
						}
					}
				},
				"url": {
					"raw": "http://localhost:8080/user?login=loginn",
					"protocol": "http",
					"host": [
						"localhost"
					],
					"port": "8080",
					"path": [
						"user"
					],
					"query": [
						{
							"key": "login",
							"value": "loginn",
							"description": "Лргин пользователя"
						}
					]
				}
			},
			"response": []
		},
		{
			"name": "Получить информацию о пользователях по префиксу имени и фамилии",
			"request": {
				"method": "GET",
				"header": [],
				"url": {
					"raw": "http://localhost:8080/user/search?first_name=some_prefix&last_name=some_prefix",
					"protocol": "http",
					"host": [
						"localhost"
					],
					"port": "8080",
					"path": [
						"user",
						"search"
					],
					"query": [
						{
							"key": "first_name",
							"value": "some_prefix",
							"description": "Префикс имени"
						},
						{
							"key": "last_name",
							"value": "some_prefix",
							"description": "Префикс фамилии"
						}
					]
				}
			},
			"response": []
		},
		{
			"name": "Добавить информацию о новом пользователе",
			"request": {
				"method": "POST",
				"header": [],
				"body": {
					"mode": "raw",
					"raw": "{\r\n    \"first_name\": \"first_name\", // Имя\r\n    \"last_name\": \"last_name\", // Фамилия\r\n    \"email\": \"email@mail.ru\", // Электронная почта\r\n    \"title\": \"title\", // Заголовок\r\n    \"login\": \"login\", // Логин (должен быть уникальным)\r\n    \"password\": \"password\" // Пароль\r\n}",
					"options": {
						"raw": {
							"language": "json"
						}
					}
				},
				"url": {
					"raw": "localhost:8080/user",
					"host": [
						"localhost"
					],
					"port": "8080",
					"path": [
						"user"
					]
				}
			},
			"response": []
		},
		{
			"name": "Обновить информацию существующего пользователя",
			"request": {
				"method": "PUT",
				"header": [],
				"body": {
					"mode": "raw",
					"raw": "{\r\n    \"first_name\": \"new_first_name\", // Имя (опционально)\r\n    \"last_name\": \"new_last_name\", // Фамилия (опционально)\r\n    \"email\": \"new_email@mail.ru\", // Электронная почта (опционально)\r\n    \"title\": \"new_title\", // Заголовок (опционально)\r\n    \"password\": \"new_password\" // Пароль (опционально)\r\n}",
					"options": {
						"raw": {
							"language": "json"
						}
					}
				},
				"url": {
					"raw": "localhost:8080/user?login=login&password=password",
					"host": [
						"localhost"
					],
					"port": "8080",
					"path": [
						"user"
					],
					"query": [
						{
							"key": "login",
							"value": "login",
							"description": "Логин"
						},
						{
							"key": "password",
							"value": "password",
							"description": "Пароль (для сгенерированных пользователей пароль всегда password)"
						}
					]
				}
			},
			"response": []
		},
		{
			"name": "Удалить информацию о пользователе",
			"request": {
				"method": "DELETE",
				"header": [],
				"url": {
					"raw": "localhost:8080/user?login=login&password=password",
					"host": [
						"localhost"
					],
					"port": "8080",
					"path": [
						"user"
					],
					"query": [
						{
							"key": "login",
							"value": "login",
							"description": "Логин"
						},
						{
							"key": "password",
							"value": "password",
							"description": "Пароль (для сгенерированных пользователей пароль всегда password)"
						}
					]
				}
			},
			"response": []
		}
	]
}